{
  "urls": [
    "ch7.mp3",
    "ch7.ogg",
    "ch7.m4a"
  ],
  "sprite": {
    "silence": [
      0,
      1000,
      true
    ],
    "Bonus": [
      1050,
      2152.312925170068
    ],
    "LuckyNumberSelect_1": [
      4100,
      1332.1541950113378
    ],
    "WinningNumberSelect_1": [
      6149.999999999999,
      1780.3401360544217
    ],
    "YourNumberSelect_1": [
      8200,
      356.5532879818587
    ]
  }
}