{
  "urls": [
    "ch1.mp3",
    "ch1.ogg",
    "ch1.m4a"
  ],
  "sprite": {
    "silence": [
      0,
      1000,
      true
    ],
    "BetDown": [
      1050,
      1155.1927437641723
    ],
    "Bonus": [
      3100,
      2152.3129251700684
    ],
    "LuckyNumberSelect_1": [
      6150,
      1332.1541950113378
    ],
    "WinningNumberSelect_1": [
      8200.000000000002,
      1780.3401360544217
    ],
    "YourNumberSelect_1": [
      10250.000000000002,
      356.5532879818587
    ]
  }
}