{
  "urls": [
    "ch2.mp3",
    "ch2.ogg",
    "ch2.m4a"
  ],
  "sprite": {
    "silence": [
      0,
      1000,
      true
    ],
    "BetUp": [
      1050,
      1172.6077097505668
    ],
    "Bonus": [
      3099.9999999999995,
      2152.312925170068
    ],
    "LuckyNumberSelect_2": [
      6149.999999999999,
      1332.1541950113378
    ],
    "WinningNumberSelect_2": [
      8200,
      2191.3378684807262
    ],
    "YourNumberSelect_2": [
      11250,
      356.5759637188215
    ]
  }
}