{
  "urls": [
    "ch9.mp3",
    "ch9.ogg",
    "ch9.m4a"
  ],
  "sprite": {
    "silence": [
      0,
      1000,
      true
    ],
    "Bonus": [
      1050,
      2152.312925170068
    ],
    "LuckyNumberSelect_1": [
      4100,
      1332.1541950113378
    ],
    "WinningNumberSelect_3": [
      6149.999999999999,
      2763.424036281179
    ],
    "YourNumberSelect_3": [
      9200,
      356.5532879818587
    ]
  }
}