{
  "urls": [
    "ch3.mp3",
    "ch3.ogg",
    "ch3.m4a"
  ],
  "sprite": {
    "silence": [
      0,
      1000,
      true
    ],
    "BetMax": [
      1050,
      2025.9410430839005
    ],
    "Bonus": [
      4100,
      2152.312925170068
    ],
    "LuckyNumberSelect_1": [
      7149.999999999999,
      1332.154195011337
    ],
    "WinningNumberSelect_3": [
      9200,
      2763.4240362811797
    ],
    "YourNumberSelect_3": [
      12250,
      356.5532879818587
    ]
  }
}