{
  "urls": [
    "ch5.mp3",
    "ch5.ogg",
    "ch5.m4a"
  ],
  "sprite": {
    "silence": [
      0,
      1000,
      true
    ],
    "Bonus": [
      1050,
      2152.312925170068
    ],
    "Click": [
      4100,
      942.5170068027206
    ],
    "LuckyNumberSelect_1": [
      5149.999999999999,
      1332.1541950113378
    ],
    "WinningNumberSelect_2": [
      7199.999999999999,
      2191.3378684807262
    ],
    "YourNumberSelect_5": [
      10250,
      356.41723356009084
    ]
  }
}