{
  "urls": [
    "ch0.m4a",
    "ch0.mp3",
    "ch0.ogg"
  ],
  "sprite": {
    "MusicLoop": [
      0,
      32552.92517006803
    ],
    "MusicTermLose": [
      34000,
      2669.4784580498876
    ],
    "MusicTermWin": [
      38000,
      3050.861678004537
    ]
  }
}