{
  "urls": [
    "ch11.mp3",
    "ch11.ogg",
    "ch11.m4a"
  ],
  "sprite": {
    "silence": [
      0,
      1000,
      true
    ],
    "Bonus": [
      1050,
      2152.312925170068
    ],
    "LuckyNumberSelect_1": [
      4100,
      1332.1541950113378
    ],
    "WinningNumberSelect_2": [
      6149.999999999999,
      2191.3378684807253
    ],
    "YourNumberSelect_5": [
      9200,
      356.41723356009084
    ]
  }
}