{
  "urls": [
    "ch4.mp3",
    "ch4.ogg",
    "ch4.m4a"
  ],
  "sprite": {
    "silence": [
      0,
      1000,
      true
    ],
    "Bonus": [
      1050,
      2152.312925170068
    ],
    "BuyButton": [
      4100,
      1960.9977324263034
    ],
    "LuckyNumberSelect_2": [
      6149.999999999999,
      1332.1541950113378
    ],
    "WinningNumberSelect_1": [
      8200,
      1780.3401360544217
    ],
    "YourNumberSelect_4": [
      10250,
      356.5532879818587
    ]
  }
}