{
  "urls": [
    "ch6.mp3",
    "ch6.ogg",
    "ch6.m4a"
  ],
  "sprite": {
    "silence": [
      0,
      1000,
      true
    ],
    "Bonus": [
      1050,
      2152.312925170068
    ],
    "LuckyNumberSelect_2": [
      4100,
      1332.1541950113378
    ],
    "WinningNumberSelect_3": [
      6149.999999999999,
      2763.424036281179
    ],
    "YourNumberSelect_6": [
      9200,
      356.5759637188215
    ]
  }
}